{ 
    "questions" : 
    [
        {
            "qid": "Q1",
            "qtype" : "YESNO",
            "qtext" : "Are you happy today?",
            "options" : 
            [ 
                { 
                    "options" : "YES", 
                    "next_question" : "Q9" 
                }, 
                { 
                    "options" : "No", 
                    "next_question" : "Q2" 
                }
            ]
        },

        {
            "qid": "Q2",
            "qtype" : "MULTIPLE",
            "qtext" : "Why aren't you happy?",
            "options" : 
            [ 
                { 
                    "options" : "Dog died", 
                    "next_question" : "" 
                }, 
                { 
                    "options" : "I'm just generally sad", 
                    "next_question" : "" 
                }
            ]
        },
        {
            "qid": "Q9",
            "qtype" : "TEXT",
            "qtext" : "Type why you are happy into the box below",
            "options" : []
        }
    ]
}